{"train_samples_per_second":0.488,"train_steps_per_second":0.031,"train/loss":2.8527,"train/learning_rate":4.9000000000000005e-06,"train_runtime":1677.4072,"_timestamp":1.747946427276273e+09,"total_flos":3.1401762435072e+14,"_wandb":{"runtime":1664},"train/grad_norm":34.984840393066406,"train_loss":2.974521348109612,"train/epoch":1,"_runtime":1661.6181448,"train/global_step":52,"_step":5}