{"train/epoch":1,"_runtime":1651.9455549,"total_flos":3.1401762435072e+14,"_wandb":{"runtime":1904},"train_runtime":1652.8845,"train_steps_per_second":0.031,"_step":5,"train/loss":2.8527,"train/grad_norm":34.984840393066406,"train/learning_rate":4.9000000000000005e-06,"train_samples_per_second":0.495,"train/global_step":52,"_timestamp":1.7479503914138722e+09,"train_loss":2.974521348109612}